"","00_05","05_10","10_15","15_20","20_29","30_39","40_49","50_59","60+"
"00_05",2.53197,1.16605,0.71159,0.55898,0.971614686059888,1.17011300339012,0.634774423210238,0.544226638214441,0.278623592058021
"05_10",1.42804,5.97263,1.3918,0.60542,0.702572466667426,1.22596640060538,0.851386784119821,0.500746347526897,0.288453705043942
"10_15",0.5029,2.25521,8.93897,1.19663,0.613090307390913,0.988626870559305,0.990301355671835,0.466412884435331,0.244248032653045
"15_20",0.37295,0.61441,2.96797,8.84007,1.13359465175348,0.782986704125711,0.96022499046861,0.492982456943511,0.21377898353815
"20_29",1.38151,0.99125,0.92164,3.37977,5.10157207745139,2.4350331135393,1.83182328797083,1.35188327399723,0.510921092562401
"30_39",1.60327,2.02595,1.76338,1.42706,2.56336271738214,3.90870194980982,2.56139689754156,1.51956496914484,0.683966183412638
"40_49",0.98317,1.29401,1.75371,2.11414,2.14410545248699,2.87937146330684,3.17669782972854,1.62863380756262,0.661138590345362
"50_59",0.96993,0.97415,1.19681,1.54623,2.35886015585954,2.31960198402192,2.3622649604317,2.13973986884405,0.749550220474478
"60+",1.56523,1.85432,1.83182,1.90919,2.23912209767987,3.3535523581944,3.09608434047065,2.40672169179691,1.92357669700213
